View,Duration
events,958.55862954
flashback,171.658768749
explore,23.3158868183
albums,13.9072048981
highlights,10.5831342879
inmails,1.14639289148
inmail,0.395088088961
